V8,V9,V10,Inst,ChangeFV,describe,list_2,list_3,list_4,list_5,list_6,list_7,list_8,list_9,list_10,list_11,list_12,list_13,list_14,list_15,list_17,list_17_TEXT,TimeDiet_1,TimeDiet_2,TimeDiet_3,TimeDiet_4,Thanks,DO-Q-Thanks
StartDate,EndDate,Finished,Welcome to the Stanford Food Diary! Please continue to the next page to begin this entry.,What was the most recent full meal you ate (as in something more than just snacking).,"Please list what you ate for this meal.Think carefully, and list every dish or part that was incl...","Did any of the dishes contain the following? (Select all that apply)-Beef or other red meat (lamb, goat, etc.)",Did any of the dishes contain the following? (Select all that apply)-Pork,Did any of the dishes contain the following? (Select all that apply)-Chicken or other poultry,Did any of the dishes contain the following? (Select all that apply)-Fish,"Did any of the dishes contain the following? (Select all that apply)-Shellfish (shrimp, crab, oysters, etc.)","Did any of the dishes contain the following? (Select all that apply)-Dairy (milk, butter, cheese, etc.)",Did any of the dishes contain the following? (Select all that apply)-Eggs,Did any of the dishes contain the following? (Select all that apply)-Vegetables,Did any of the dishes contain the following? (Select all that apply)-Fruit,Did any of the dishes contain the following? (Select all that apply)-Beans,Did any of the dishes contain the following? (Select all that apply)-Nuts,"Did any of the dishes contain the following? (Select all that apply)-Grains and cereals (wheat, rice, corn)","Did any of the dishes contain the following? (Select all that apply)-Vegetarian meats / protein (tofu, etc)","Did any of the dishes contain the following? (Select all that apply)-Sweets (cake, pie, candy, etc.)","Did any of the dishes contain the following? (Select all that apply)-Other protein (if so, what?)","Did any of the dishes contain the following? (Select all that apply)-Other protein (if so, what?)-TEXT",Timing-First Click,Timing-Last Click,Timing-Page Submit,Timing-Click Count,Thank you for completing this entry! After the 3rd entry you'll be given a confirmation code and...,Display Order: Thank you for completing this entry! After the 3rd entry you'll be given a confirmation code and...
2/22/17 16:25,2/22/17 16:25,1,1,Lunch,"3 eggs, tortilla chips, one avocado",0,0,0,0,0,0,Eggs,0,0,0,0,0,0,0,"Other protein (if so, what?)",Avocado,1,2,3,4,1,
2/22/17 16:24,2/22/17 16:25,1,1,Lunch,meat with rice and some bread and cheese.,"Beef or other red meat (lamb, goat, etc.)",0,0,0,0,"Dairy (milk, butter, cheese, etc.)",0,0,0,0,0,"Grains and cereals (wheat, rice, corn)",0,0,0,,1,2,3,4,1,
2/22/17 16:25,2/22/17 16:26,1,1,Breakfast,"2 sausages, an english muffin and coffee with sugar and milk",0,Pork,0,0,0,"Dairy (milk, butter, cheese, etc.)",0,0,0,0,0,"Grains and cereals (wheat, rice, corn)",0,0,0,,1,2,3,4,1,
2/22/17 16:26,2/22/17 16:26,1,1,Lunch,I had a turkey and cheddar sub and a fiber one brownie.,0,0,Chicken or other poultry,0,0,"Dairy (milk, butter, cheese, etc.)",Eggs,Vegetables,0,0,0,"Grains and cereals (wheat, rice, corn)",0,0,0,,1,2,3,4,1,
2/22/17 16:25,2/22/17 16:27,1,1,Dinner,"Nachos, Meat Sampler","Beef or other red meat (lamb, goat, etc.)",Pork,Chicken or other poultry,0,0,"Dairy (milk, butter, cheese, etc.)",0,Vegetables,0,0,0,"Grains and cereals (wheat, rice, corn)",0,0,0,,1,2,3,4,1,
2/22/17 16:26,2/22/17 16:27,1,1,Lunch,Chicken Parmesan sandwich and BBQ potato chips.,0,0,Chicken or other poultry,0,0,"Dairy (milk, butter, cheese, etc.)",0,Vegetables,0,0,0,0,0,0,0,,1,2,3,4,1,
2/22/17 16:28,2/22/17 16:30,1,1,Breakfast,"Smoothie made up of: 2 scoops protein powder, Apple Cider Vinegar, Creatine, 4oz Greek Yogurt, 100g Spinach, 150g Mixed Frozen Berries, Cup of Water, Handful of Ice Cubes",0,0,0,0,0,"Dairy (milk, butter, cheese, etc.)",0,Vegetables,Fruit,0,0,0,0,0,"Other protein (if so, what?)",Whey Protein Powder,1,2,3,4,1,
2/22/17 16:27,2/22/17 16:31,1,1,Lunch,"I ate a quinoa muffin that I made from myself. It contains egg, quinoa, bacon, jalapeno, broccoli and pieces of spinach. Basically I mix it together and bake it as an actual muffin for me to eat later. ",0,0,0,0,0,0,Eggs,0,0,0,0,0,0,0,0,,1,2,3,4,1,
2/22/17 16:30,2/22/17 16:32,1,1,Lunch,"Smoked turkey wings,cabbage, corn bread waffles",0,0,Chicken or other poultry,0,0,"Dairy (milk, butter, cheese, etc.)",0,Vegetables,0,0,0,0,0,0,0,,1,2,3,4,1,
2/22/17 16:30,2/22/17 16:32,1,1,Lunch,three bean hummus on flour tortilla wrap with melted swiss cheese.,0,0,0,0,0,"Dairy (milk, butter, cheese, etc.)",0,0,0,Beans,0,"Grains and cereals (wheat, rice, corn)",0,0,0,,1,2,3,4,1,
2/22/17 16:31,2/22/17 16:33,1,1,Breakfast,Just peanut butter and jelly toast,0,0,0,0,0,0,0,0,Fruit,0,Nuts,"Grains and cereals (wheat, rice, corn)",0,0,0,,1,2,3,4,1,
2/22/17 16:33,2/22/17 16:34,1,1,Lunch,"A bowl of white rice, black beans, and fried eggs cut into small pieces.",0,0,0,0,0,0,Eggs,0,0,Beans,0,"Grains and cereals (wheat, rice, corn)",0,0,0,,1,2,3,4,1,
2/22/17 16:33,2/22/17 16:35,1,1,Breakfast,Greek Yogurt with strawbeerys / toast with cream cheese / orange juice / mini sauce,0,Pork,0,0,0,"Dairy (milk, butter, cheese, etc.)",0,0,Fruit,0,0,"Grains and cereals (wheat, rice, corn)",0,0,0,,1,2,3,4,1,
2/22/17 16:36,2/22/17 16:37,1,1,Breakfast,waffle / strawberries / nutella,0,0,0,0,0,0,0,0,Fruit,0,0,0,0,"Sweets (cake, pie, candy, etc.)",0,,1,2,3,4,1,
2/22/17 16:40,2/22/17 16:42,1,1,Dinner,"Spaghetti with olive oil, grated parmesean cheese, and ground spicy Italian sausage along with a spinach salad tossed with Thousand Island dressing. I had water to drink.",0,Pork,0,0,0,"Dairy (milk, butter, cheese, etc.)",0,Vegetables,0,0,0,"Grains and cereals (wheat, rice, corn)",0,0,0,,1,2,3,4,1,
2/22/17 16:42,2/22/17 16:44,1,1,Breakfast,Rice and Spam and green tea.,"Beef or other red meat (lamb, goat, etc.)",Pork,0,0,0,0,0,Vegetables,0,0,0,"Grains and cereals (wheat, rice, corn)",0,0,0,,1,2,3,4,1,
2/22/17 16:42,2/22/17 16:44,1,1,Lunch,Meat and cheese stuffed shells and Garlic bread.,"Beef or other red meat (lamb, goat, etc.)",0,0,0,0,"Dairy (milk, butter, cheese, etc.)",0,Vegetables,0,0,0,"Grains and cereals (wheat, rice, corn)",0,0,0,,1,2,3,4,1,
2/22/17 16:40,2/22/17 16:44,1,1,Lunch,Pizza,0,0,0,0,0,"Dairy (milk, butter, cheese, etc.)",0,Vegetables,0,0,0,0,0,0,0,,1,2,3,4,1,
2/22/17 16:46,2/22/17 16:48,1,1,Dinner,"Spaghetti-o's, Frying cheese","Beef or other red meat (lamb, goat, etc.)",0,0,0,0,"Dairy (milk, butter, cheese, etc.)",0,0,0,0,0,0,0,0,0,,1,2,3,4,1,
2/22/17 16:47,2/22/17 16:48,1,1,Breakfast,"Nachos with cheese, chorizo, bell pepper, and onion.",0,Pork,0,0,0,"Dairy (milk, butter, cheese, etc.)",0,Vegetables,0,0,0,0,0,0,0,,1,2,3,4,1,
2/22/17 16:49,2/22/17 16:50,1,1,Lunch,I had chicken nuggets and potato chips for lunch with a bottle of water to drink.,0,0,Chicken or other poultry,0,0,0,0,0,0,0,0,"Grains and cereals (wheat, rice, corn)",0,0,0,,1,2,3,4,1,
2/22/17 16:51,2/22/17 16:52,1,1,Breakfast,small bowl of raisin bran with 2% milk,0,0,0,0,0,"Dairy (milk, butter, cheese, etc.)",0,0,0,0,0,"Grains and cereals (wheat, rice, corn)",0,0,0,,1,2,3,4,1,
2/22/17 16:52,2/22/17 16:54,1,1,Lunch,"Chicken, beans and rice.",0,0,Chicken or other poultry,0,0,0,0,0,0,Beans,0,"Grains and cereals (wheat, rice, corn)",0,0,0,,1,2,3,4,1,
2/22/17 17:14,2/22/17 17:16,1,1,Dinner,"I had dinner at Wendy's. I had a double stacker, small fries, 4 chicken nuggets with sweet and sour sauce, and a frosty.","Beef or other red meat (lamb, goat, etc.)",0,Chicken or other poultry,0,0,"Dairy (milk, butter, cheese, etc.)",0,0,0,0,0,0,0,0,0,,1,2,3,4,1,
2/22/17 17:23,2/22/17 17:24,1,1,Dinner,Cod fish / Tomatoes / Olives / Capers / Garlic / Pasta salad / Green onions / Water,0,0,0,Fish,0,0,0,Vegetables,0,0,0,0,0,0,0,,1,2,3,4,1,
2/22/17 17:38,2/22/17 17:40,1,1,Lunch,"frozen pasta meal in the microwave, slice of birthday cake",0,0,0,0,0,"Dairy (milk, butter, cheese, etc.)",0,0,0,0,0,"Grains and cereals (wheat, rice, corn)",0,"Sweets (cake, pie, candy, etc.)",0,,1,2,3,4,1,
2/22/17 17:43,2/22/17 17:45,1,1,Lunch,"cesar salad, french fries, chicken breast wrap / ",0,0,Chicken or other poultry,0,0,"Dairy (milk, butter, cheese, etc.)",0,Vegetables,0,0,0,0,0,0,0,,1,2,3,4,1,
2/22/17 17:56,2/22/17 17:58,1,1,Lunch,"original chicken sandwich, medium fry, medium cherry coke",0,0,Chicken or other poultry,0,0,0,0,0,0,0,0,0,0,0,0,,1,2,3,4,1,
2/22/17 17:54,2/22/17 17:59,1,1,Lunch,Pepperoni Pizza,"Beef or other red meat (lamb, goat, etc.)",0,0,0,0,"Dairy (milk, butter, cheese, etc.)",0,0,0,0,0,"Grains and cereals (wheat, rice, corn)",0,0,0,,1,2,3,4,1,
2/22/17 17:48,2/22/17 18:01,1,1,Lunch,"I had a sandwich which consisted of bread and turkey. I a salad which had lettuce, carrots, tomatoes and cucumbers. I drank water and had had a fruit cup of peaches with it.",0,0,Chicken or other poultry,0,0,0,0,Vegetables,Fruit,0,0,"Grains and cereals (wheat, rice, corn)",0,0,0,,1,2,3,4,1,
2/22/17 18:03,2/22/17 18:06,1,1,Lunch,"Budae jigae (Korean noodles with kimchi, hot dogs, spam, pork, onions), half a fresh mango, water","Beef or other red meat (lamb, goat, etc.)",Pork,0,0,0,0,0,0,Fruit,0,0,0,0,0,0,,1,2,3,4,1,
2/22/17 18:25,2/22/17 18:28,1,1,Breakfast,"Three scrambled eggs(that had milk/butter mixed in), one slice of bacon, one flaky biscuit, a small bowl of blueberries, citrus flavored water ",0,Pork,0,0,0,"Dairy (milk, butter, cheese, etc.)",Eggs,0,Fruit,0,0,"Grains and cereals (wheat, rice, corn)",0,0,0,,1,2,3,4,1,
2/22/17 18:38,2/22/17 18:39,1,1,Dinner,"I ate two slices of bread with mayo, a slice of cheese, ground beef and fries seasoned with salt, pepper and onion powder.","Beef or other red meat (lamb, goat, etc.)",0,0,0,0,"Dairy (milk, butter, cheese, etc.)",0,Vegetables,0,0,0,0,0,0,0,,1,2,3,4,1,
2/22/17 18:39,2/22/17 18:40,1,1,Dinner,Loaded baked potato soup with cheese and bacon,0,Pork,0,0,0,"Dairy (milk, butter, cheese, etc.)",0,Vegetables,0,0,0,0,0,0,0,,1,2,3,4,1,
2/22/17 18:51,2/22/17 18:52,1,1,Lunch,"lean cuisine mushroom ravioli frozen dinner, dr pepper",0,0,0,0,0,"Dairy (milk, butter, cheese, etc.)",0,Vegetables,0,0,0,0,"Vegetarian meats / protein (tofu, etc)",0,0,,1,2,3,4,1,
2/22/17 19:12,2/22/17 19:16,1,1,Dinner,"16 oz chicken breast, pam spray, 4tbs mayonaise, 6tbs paremsan, 2tbs butter, 2 cups broccolli, 16oz water",0,0,Chicken or other poultry,0,0,"Dairy (milk, butter, cheese, etc.)",Eggs,Vegetables,0,0,0,0,0,0,0,,1,2,3,4,1,
2/22/17 19:33,2/22/17 19:35,1,1,Dinner,shrimp Alfredo and mushrooms with garden salad,0,0,0,0,"Shellfish (shrimp, crab, oysters, etc.)",0,0,Vegetables,0,0,0,"Grains and cereals (wheat, rice, corn)",0,0,0,,1,2,3,4,1,
2/22/17 19:35,2/22/17 19:35,1,1,Dinner,Vegetable soup and salad,"Beef or other red meat (lamb, goat, etc.)",0,0,0,0,0,0,Vegetables,0,0,0,0,0,0,0,,1,2,3,4,1,
2/22/17 19:47,2/22/17 19:48,1,1,Dinner,"Chicken Enchiladas=chicken, corn shells, mexican cheese, enchilada sauce, avacado",0,0,Chicken or other poultry,0,0,"Dairy (milk, butter, cheese, etc.)",0,Vegetables,Fruit,0,0,0,0,0,0,,1,2,3,4,1,
2/22/17 20:09,2/22/17 20:10,1,1,Lunch,I had a chicken salad sandwich to go along with a potato salad and baked beans. ,0,0,Chicken or other poultry,0,0,0,0,Vegetables,0,Beans,0,"Grains and cereals (wheat, rice, corn)",0,0,0,,1,2,3,4,1,
2/22/17 16:17,2/22/17 16:27,0,1,,,,,,,,,,,,,,,,,,,,,,,,
2/22/17 16:24,2/22/17 16:25,0,1,,,,,,,,,,,,,,,,,,,,,,,,
2/22/17 20:48,2/22/17 20:49,1,1,Dinner,Fettuccine Alfredo  / Almonds  / Pineapple / Cheese,0,0,0,0,0,"Dairy (milk, butter, cheese, etc.)",0,0,Fruit,0,Nuts,"Grains and cereals (wheat, rice, corn)",0,0,0,,1,2,3,4,1,
2/22/17 21:01,2/22/17 21:07,1,1,Lunch,"Mixed greens, goat cheese, caesar dressing, vegetable omelette with broccoli and tomatoes",0,0,0,0,0,"Dairy (milk, butter, cheese, etc.)",Eggs,Vegetables,0,0,0,0,0,0,0,,1,2,3,4,1,
2/22/17 20:18,2/22/17 21:09,1,1,Dinner,ice cream / root beer / burger / french fries,"Beef or other red meat (lamb, goat, etc.)",0,0,0,0,"Dairy (milk, butter, cheese, etc.)",0,Vegetables,0,0,0,0,0,0,0,,1,2,3,4,1,
2/22/17 21:37,2/22/17 21:41,1,1,Dinner,"Rice / A beef stew with filet mignon slices and chicken apple meatballs.  / A bowl of arugula, fresh tomatoes, sliced lettuce with kalamata olives, seasoned with pepper, salt, and lemon.","Beef or other red meat (lamb, goat, etc.)",0,Chicken or other poultry,0,0,0,0,Vegetables,0,0,0,0,0,0,0,,1,2,3,4,1,
2/22/17 22:15,2/22/17 22:16,1,1,Lunch,"I had Qdoba. It was a burrito with queso sauce, rice, cilantro, black beans, and steak. I also had tortilla chips with queso sauce too.","Beef or other red meat (lamb, goat, etc.)",0,0,0,0,0,0,0,0,Beans,0,"Grains and cereals (wheat, rice, corn)",0,0,0,,1,2,3,4,1,
2/22/17 22:15,2/22/17 22:18,1,1,Dinner,"I ate a Middle Eastern dish called Mujaddara, consisted of rice, lentils and caramelized onions with a salad on the side (lettuce, tomato and onions).",0,0,0,0,0,0,0,Vegetables,Fruit,0,0,"Grains and cereals (wheat, rice, corn)",0,0,0,,1,2,3,4,1,
2/22/17 23:40,2/22/17 23:43,1,1,Dinner,"roast potatoes, carrots, turkey, gravy, stuffing, water, rolls, peas",0,0,Chicken or other poultry,0,0,"Dairy (milk, butter, cheese, etc.)",0,Vegetables,0,0,0,"Grains and cereals (wheat, rice, corn)",0,0,0,,1,2,3,4,1,
2/23/17 0:03,2/23/17 0:07,1,1,Dinner,Half of a chicken salad sandwich and french fries.,0,0,Chicken or other poultry,0,0,0,0,0,0,0,0,0,0,0,0,,1,2,3,4,1,
2/22/17 21:26,2/22/17 21:29,0,1,,,,,,,,,,,,,,,,,,,,,,,,
2/23/17 1:46,2/23/17 1:48,1,1,Dinner,Two slices of tombstone pepperoni pizza. Two Krispy Kreme glazed donuts. One glass Pepsi zero sugar,0,Pork,0,0,0,0,0,0,0,0,0,"Grains and cereals (wheat, rice, corn)",0,"Sweets (cake, pie, candy, etc.)",0,,1,2,3,4,1,
2/23/17 6:40,2/23/17 6:41,1,1,Dinner,"Chicken, green beans, cauliflower",0,0,Chicken or other poultry,0,0,0,0,Vegetables,0,0,0,0,0,0,0,,1,2,3,4,1,
2/23/17 10:23,2/23/17 10:28,1,1,Dinner,"Chinese food from last night (2/23). This includes beef fried rice, egg drop soup, two crab rangoon, and a fortune cookie. Had this with water.","Beef or other red meat (lamb, goat, etc.)",0,0,0,0,0,Eggs,Vegetables,0,0,0,"Grains and cereals (wheat, rice, corn)",0,"Sweets (cake, pie, candy, etc.)","Other protein (if so, what?)","The fake crab rangoon filling I think, maybe seafood-ish but not sure",1,2,3,4,1,
2/23/17 10:51,2/23/17 10:52,1,1,Lunch,BBQ rib sandwich and a Coke Zero ,"Beef or other red meat (lamb, goat, etc.)",Pork,0,0,0,0,0,0,Fruit,0,0,"Grains and cereals (wheat, rice, corn)",0,0,0,,1,2,3,4,1,
2/23/17 12:30,2/23/17 12:32,1,1,Dinner,Rice / Onions / Sausage / Carrots / ,"Beef or other red meat (lamb, goat, etc.)",0,0,0,0,0,0,Vegetables,0,0,0,"Grains and cereals (wheat, rice, corn)",0,0,0,,1,2,3,4,1,
2/23/17 13:31,2/23/17 13:34,1,1,Lunch,"I ate a meal deal from carls jr. cheese burger, fries, and a chicken sandwich.","Beef or other red meat (lamb, goat, etc.)",0,Chicken or other poultry,0,0,0,0,Vegetables,0,0,0,"Grains and cereals (wheat, rice, corn)",0,0,0,,1,2,3,4,1,
2/23/17 10:21,2/23/17 12:29,0,1,,,,,,,,,,,,,,,,,,,,,,,,
2/23/17 14:23,2/23/17 14:26,1,1,Breakfast,I had 3 pancakes with syrup and some butter. I also drank orange juice.,0,0,0,0,0,0,Eggs,0,0,0,0,0,0,"Sweets (cake, pie, candy, etc.)",0,,1,2,3,4,1,
2/23/17 15:08,2/23/17 15:11,1,1,Lunch,scrambled eggs; ham; tomato; onion;,0,Pork,0,0,0,0,Eggs,Vegetables,0,0,0,0,0,0,0,,1,2,3,4,1,
2/23/17 15:58,2/23/17 16:00,1,1,Lunch,"Wheat toast, scrambled eggs with sautéed onions and low fat cheddar cheese, water",0,0,0,0,0,"Dairy (milk, butter, cheese, etc.)",Eggs,Vegetables,0,0,0,"Grains and cereals (wheat, rice, corn)",0,0,0,,1,2,3,4,1,
2/23/17 18:12,2/23/17 18:14,1,1,Lunch,"A chicken sandwich with lettuce, tomato, may, mustard and 2 slices of bread with a glass of tea and a side of chips.",0,0,Chicken or other poultry,0,0,0,0,Vegetables,0,0,0,"Grains and cereals (wheat, rice, corn)",0,0,0,,1,2,3,4,1,
2/23/17 18:35,2/23/17 18:35,0,1,,,,,,,,,,,,,,,,,,,,,,,,
2/24/17 5:09,2/24/17 5:11,1,1,Dinner,"Chicken Alfredo Spaghetti, Steamed Mixed Vegetables, Parmesan Garlic Bread",0,0,Chicken or other poultry,0,0,"Dairy (milk, butter, cheese, etc.)",Eggs,Vegetables,0,0,0,"Grains and cereals (wheat, rice, corn)",0,0,0,,1,2,3,4,1,
2/24/17 13:01,2/24/17 13:03,1,1,Breakfast,"I ate two sausage breakfast burritos, a hash brown, and a cup of orange juice.",0,Pork,0,0,0,0,Eggs,0,0,0,0,0,0,0,0,,1,2,3,4,1,
2/24/17 14:22,2/24/17 14:23,1,1,Lunch,Grilled chicken nuggets  / french fries,0,0,Chicken or other poultry,0,0,0,0,0,0,0,0,0,0,0,0,,1,2,3,4,1,
2/24/17 14:22,2/24/17 14:24,1,1,Lunch,Chicken noodle soup / Vanilla and agave yogurt,0,0,Chicken or other poultry,0,0,"Dairy (milk, butter, cheese, etc.)",0,Vegetables,Fruit,0,0,"Grains and cereals (wheat, rice, corn)",0,0,0,,1,2,3,4,1,
2/24/17 14:23,2/24/17 14:24,1,1,Lunch,Pizza rolls. Earl grey tea with milk,"Beef or other red meat (lamb, goat, etc.)",0,0,0,0,"Dairy (milk, butter, cheese, etc.)",0,0,0,0,0,0,0,0,0,,1,2,3,4,1,
2/24/17 14:22,2/24/17 14:24,1,1,Breakfast,"Organic apple cinnamon oatmeal, banana and an orange ",0,0,0,0,0,0,0,0,Fruit,0,0,"Grains and cereals (wheat, rice, corn)",0,0,0,,1,2,3,4,1,
2/24/17 14:23,2/24/17 14:28,1,1,Lunch,Refried beans with salsa and cheddar cheese. I also had French fires with katchup. To drink I had water,0,0,0,0,0,"Dairy (milk, butter, cheese, etc.)",0,0,0,Beans,0,0,0,0,0,,1,2,3,4,1,
2/24/17 14:24,2/24/17 14:29,1,1,Lunch,"Water, bratwurst, sauerkraut, bread roll",0,Pork,0,0,0,0,0,Vegetables,0,0,0,"Grains and cereals (wheat, rice, corn)",0,0,0,,1,2,3,4,1,
2/24/17 14:34,2/24/17 14:36,1,1,Lunch,Baked buffalo wings ,0,0,Chicken or other poultry,0,0,0,0,0,0,0,0,0,0,0,0,,1,2,3,4,1,
2/24/17 14:42,2/24/17 14:43,1,1,Breakfast,Breakfast burrito and water,0,0,0,0,0,0,Eggs,0,0,0,0,0,0,0,0,,1,2,3,4,1,
2/24/17 14:43,2/24/17 14:45,1,1,Lunch,"General tso chicken, white rice, broccoli",0,0,Chicken or other poultry,0,0,0,0,Vegetables,0,0,0,"Grains and cereals (wheat, rice, corn)",0,0,0,,1,2,3,4,1,
2/24/17 14:54,2/24/17 14:55,1,1,Lunch,"Strawberry Greek yogurt, peanut butter sandwich.",0,0,0,0,0,"Dairy (milk, butter, cheese, etc.)",0,0,0,0,Nuts,"Grains and cereals (wheat, rice, corn)",0,0,0,,1,2,3,4,1,
2/24/17 15:14,2/24/17 15:16,1,1,Lunch,I had 12 Torino's pizza rolls for lunch,"Beef or other red meat (lamb, goat, etc.)",Pork,Chicken or other poultry,0,0,"Dairy (milk, butter, cheese, etc.)",0,0,0,0,0,0,0,0,0,,1,2,3,4,1,
2/24/17 11:21,2/24/17 11:22,0,1,,,,,,,,,,,,,,,,,,,,,,,,
2/24/17 15:24,2/24/17 15:26,1,1,Dinner,"Fried rice with chicken and egg, onion soup, filet mignon, onion, zucchini, salad with ginger dressing, carrots, amd cabbage","Beef or other red meat (lamb, goat, etc.)",0,Chicken or other poultry,0,0,"Dairy (milk, butter, cheese, etc.)",Eggs,Vegetables,0,0,0,"Grains and cereals (wheat, rice, corn)",0,0,0,,1,2,3,4,1,
2/24/17 15:26,2/24/17 15:30,1,1,Lunch,2 potatoe and chive perogies. 2 beef potstickers.,"Beef or other red meat (lamb, goat, etc.)",0,0,0,0,"Dairy (milk, butter, cheese, etc.)",Eggs,0,0,0,0,"Grains and cereals (wheat, rice, corn)",0,0,0,,1,2,3,4,1,
2/24/17 15:30,2/24/17 15:31,1,1,Lunch,"Chef salad: lettuce, diced ham, pepperoni, bacon bits, cheddar cheese, dressing","Beef or other red meat (lamb, goat, etc.)",0,0,0,0,0,0,0,0,0,0,0,0,0,0,,1,2,3,4,1,
2/24/17 15:34,2/24/17 15:36,1,1,Breakfast,Toast,0,0,0,0,0,0,0,0,0,0,0,"Grains and cereals (wheat, rice, corn)",0,0,0,,1,2,3,4,1,
2/24/17 15:38,2/24/17 15:40,1,1,Lunch,Arby's chicken sandwich  / Curly fries  / Small Pepsi ,0,0,Chicken or other poultry,0,0,0,0,0,0,0,0,"Grains and cereals (wheat, rice, corn)",0,"Sweets (cake, pie, candy, etc.)",0,,1,2,3,4,1,
2/24/17 15:42,2/24/17 15:43,1,1,Lunch,Chinese food with eggrolls & pineapple shrimp ,"Beef or other red meat (lamb, goat, etc.)",0,0,0,0,0,0,0,0,0,0,0,0,0,0,,1,2,3,4,1,
2/24/17 15:59,2/24/17 16:02,1,1,Breakfast,"8oz glass of milk, a Krispy Kreme jelly doughnut, 6 Great Value chicken nuggets, 2 tbsp of Hidden Valley ranch dressing ",0,0,Chicken or other poultry,0,0,0,0,0,0,0,0,0,0,0,0,,1,2,3,4,1,
2/24/17 16:13,2/24/17 16:16,1,1,Lunch,I had two El Monterey bean and cheese burritos.  That was it.,0,0,0,0,0,"Dairy (milk, butter, cheese, etc.)",Eggs,0,0,Beans,0,0,0,0,0,,1,2,3,4,1,
2/24/17 16:33,2/24/17 16:35,1,1,Lunch,"Sriracha chicken with red peppers, onions, rice and quinoa ",0,0,Chicken or other poultry,0,0,0,0,Vegetables,0,0,0,"Grains and cereals (wheat, rice, corn)",0,0,0,,1,2,3,4,1,
2/24/17 17:23,2/24/17 17:25,1,1,Lunch,I had chicken tacos with lettuce tomato cucumber and jalapeno,0,0,Chicken or other poultry,0,0,0,0,Vegetables,0,0,0,0,0,0,0,,1,2,3,4,1,
2/24/17 18:00,2/24/17 18:01,1,1,Dinner,Falafel wrap and veggie chili.,0,0,0,0,0,0,0,Vegetables,0,Beans,0,0,0,0,0,,1,2,3,4,1,
2/24/17 14:24,2/24/17 14:24,0,1,,,,,,,,,,,,,,,,,,,,,,,,
2/24/17 18:30,2/24/17 18:33,1,1,Lunch,Chicken chow mein,0,0,Chicken or other poultry,0,0,0,0,Vegetables,0,0,0,"Grains and cereals (wheat, rice, corn)",0,0,0,,1,2,3,4,1,
2/24/17 14:42,2/24/17 14:43,0,1,,,,,,,,,,,,,,,,,,,,,,,,
2/24/17 19:09,2/24/17 19:10,1,1,Dinner,Rotisiree chicken and jasmine rice. ,0,0,Chicken or other poultry,0,0,0,0,0,0,0,0,"Grains and cereals (wheat, rice, corn)",0,0,0,,1,2,3,4,1,
2/24/17 20:06,2/24/17 20:09,1,1,Lunch,I ate a chicken parmesean calzone and had some lemonade with it. ,0,0,Chicken or other poultry,0,0,"Dairy (milk, butter, cheese, etc.)",0,0,0,0,0,"Grains and cereals (wheat, rice, corn)",0,0,0,,1,2,3,4,1,
2/24/17 20:52,2/24/17 20:54,1,1,Lunch,Bacon eggs potato,0,Pork,0,0,0,0,Eggs,Vegetables,0,0,0,0,0,0,0,,1,2,3,4,1,
2/24/17 21:13,2/24/17 22:00,1,1,Lunch,"ham sandwich: 3 slices of ham, sliced of sourdough bread, lettuce, tomato, red onion, mustard / potato chips / water",0,Pork,0,0,0,0,0,Vegetables,Fruit,0,0,"Grains and cereals (wheat, rice, corn)",0,0,0,,1,2,3,4,1,
2/24/17 23:39,2/24/17 23:41,1,1,Dinner,Hamburger patty / 1/2 head romaine lettuce  / 1 carrot  / 1 slice cheddar cheese  / Sautéed onions ,"Beef or other red meat (lamb, goat, etc.)",0,0,0,0,"Dairy (milk, butter, cheese, etc.)",0,Vegetables,0,0,0,0,0,0,0,,1,2,3,4,1,
2/24/17 20:00,2/24/17 20:00,0,1,,,,,,,,,,,,,,,,,,,,,,,,
2/26/17 19:51,2/26/17 19:51,1,1,Dinner,"honey chicken, egg foo yung",0,Pork,Chicken or other poultry,0,0,0,Eggs,Vegetables,0,0,0,"Grains and cereals (wheat, rice, corn)",0,0,0,,1,2,3,4,1,
2/26/17 19:50,2/26/17 19:52,1,1,Dinner,"1 corn muffin, 2 biscuits, 2 pieces of sausage, 2 eggs, 1 glass of diet coke",0,Pork,0,0,0,"Dairy (milk, butter, cheese, etc.)",Eggs,0,0,0,0,"Grains and cereals (wheat, rice, corn)",0,0,0,,1,2,3,4,1,
2/26/17 19:52,2/26/17 19:53,1,1,Dinner,"Chicken, Jalpenos, Bread, Tomatos, Onions, Green Pepers= Cowboy Sub",0,0,Chicken or other poultry,0,0,0,0,Vegetables,0,0,0,"Grains and cereals (wheat, rice, corn)",0,0,0,,1,2,3,4,1,
2/26/17 19:49,2/26/17 19:54,1,1,Dinner,Spaghetti and meatballs with a tomato sauce and garlic bread. Also had an Arizona green tea to drink.,"Beef or other red meat (lamb, goat, etc.)",0,0,0,0,0,0,0,0,0,0,"Grains and cereals (wheat, rice, corn)",0,0,0,,1,2,3,4,1,
2/26/17 19:54,2/26/17 19:56,1,1,Dinner,"Sloppy joe with white bun, 16oz chocolate milk","Beef or other red meat (lamb, goat, etc.)",0,0,0,0,0,0,0,0,0,0,0,0,0,0,,1,2,3,4,1,
2/26/17 19:53,2/26/17 19:57,1,1,Dinner,can soup today ,0,0,Chicken or other poultry,0,0,0,0,0,0,0,0,0,0,0,0,,1,2,3,4,1,
2/26/17 19:59,2/26/17 20:00,1,1,Dinner,"Pizza with mozzarella and cherry tomatoes, aqua fresca",0,0,0,0,0,"Dairy (milk, butter, cheese, etc.)",0,0,Fruit,0,0,"Grains and cereals (wheat, rice, corn)",0,0,0,,1,2,3,4,1,
2/26/17 20:10,2/26/17 20:11,1,1,Dinner,I had 4 slices of sausage and green pizza and 3 slices of pepperoni and red onion pizza.,"Beef or other red meat (lamb, goat, etc.)",0,0,0,0,"Dairy (milk, butter, cheese, etc.)",0,Vegetables,0,0,0,0,0,0,0,,1,2,3,4,1,
2/26/17 20:16,2/26/17 20:18,1,1,Dinner,"Meatloaf, new potatoes, peaches, rolls. ","Beef or other red meat (lamb, goat, etc.)",0,0,0,0,"Dairy (milk, butter, cheese, etc.)",Eggs,Vegetables,Fruit,0,0,0,0,"Sweets (cake, pie, candy, etc.)",0,,1,2,3,4,1,
2/26/17 20:16,2/26/17 20:21,1,1,Dinner,"Fried hand made dumplings that are stuffed with pork, shrimp, cabbage, and many other seasonings and sauces /  / A bowl of veggies, which contains the following, avocado, cucumber, lettuce, cherry tomatoes with scallion lightly caramelized with sugar and olive oil. All seasoned with lemon pepper from trader joes /  / Rice topped with a slab of seared salmon seasoned with just salt and pepper and a few slices of baked tofu marined in soy sauce. ",0,Pork,0,Fish,"Shellfish (shrimp, crab, oysters, etc.)",0,0,Vegetables,0,0,0,0,"Vegetarian meats / protein (tofu, etc)",0,0,,1,2,3,4,1,
2/26/17 20:19,2/26/17 20:21,1,1,Dinner,wonton soup and an egg roll ,"Beef or other red meat (lamb, goat, etc.)",Pork,0,0,0,0,0,Vegetables,0,0,0,0,0,0,0,,1,2,3,4,1,
2/26/17 20:46,2/26/17 20:47,1,1,Dinner,Baked Macaroni,0,0,0,0,0,"Dairy (milk, butter, cheese, etc.)",0,0,0,0,0,"Grains and cereals (wheat, rice, corn)",0,0,0,,1,2,3,4,1,
2/26/17 20:51,2/26/17 20:52,1,1,Lunch,it was some noodles with pieces of bread and cheese,0,0,0,0,0,"Dairy (milk, butter, cheese, etc.)",0,0,0,0,0,0,0,0,0,,1,2,3,4,1,
2/26/17 20:56,2/26/17 21:01,1,1,Dinner,"macaroni and cheese, very small dish of ice cream with chocolate and strawberry syrup and a little whipping cream",0,0,0,0,0,"Dairy (milk, butter, cheese, etc.)",0,0,0,0,0,"Grains and cereals (wheat, rice, corn)",0,"Sweets (cake, pie, candy, etc.)",0,,1,2,3,4,1,
2/26/17 21:02,2/26/17 21:05,1,1,Dinner,"I eat a large bowl of yogurt and cereal, an apple, milk, and apple juice. ",0,0,0,0,0,"Dairy (milk, butter, cheese, etc.)",0,0,Fruit,0,0,"Grains and cereals (wheat, rice, corn)",0,0,0,,1,2,3,4,1,
2/26/17 21:11,2/26/17 21:12,1,1,Dinner,Bowl of oatmeal squares cereal with almond milk,0,0,0,0,0,"Dairy (milk, butter, cheese, etc.)",0,0,0,0,0,"Grains and cereals (wheat, rice, corn)",0,0,0,,1,2,3,4,1,
2/26/17 21:19,2/26/17 21:22,1,1,Dinner,Pad Thai noodles / Carrots / Green onions / Tofu / Green tea,0,0,0,0,0,0,0,Vegetables,0,0,0,"Grains and cereals (wheat, rice, corn)","Vegetarian meats / protein (tofu, etc)",0,0,,1,2,3,4,1,
2/26/17 21:22,2/26/17 21:23,1,1,Lunch,"chicken, rice and coleslaw ",0,0,Chicken or other poultry,0,0,0,0,0,0,0,0,"Grains and cereals (wheat, rice, corn)",0,0,0,,1,2,3,4,1,
2/26/17 21:29,2/26/17 21:31,1,1,Dinner,Cubes of dark turkey breast / Hard-boiled egg with salt and pepper / French fries with salt,0,0,Chicken or other poultry,0,0,0,Eggs,0,0,0,0,0,0,0,0,,1,2,3,4,1,
2/26/17 21:29,2/26/17 21:31,1,1,Dinner,"Brown rice, shrimp, avocado, broccoli",0,0,0,0,"Shellfish (shrimp, crab, oysters, etc.)",0,0,Vegetables,Fruit,0,0,"Grains and cereals (wheat, rice, corn)",0,0,0,,1,2,3,4,1,
2/26/17 21:30,2/26/17 21:31,1,1,Lunch,Hamburger,"Beef or other red meat (lamb, goat, etc.)",0,0,0,0,0,0,0,0,0,0,0,0,0,0,,1,2,3,4,1,
2/26/17 21:35,2/26/17 21:36,1,1,Dinner,"Cheese pizza, garlic nots ",0,0,0,0,0,"Dairy (milk, butter, cheese, etc.)",0,0,0,0,0,"Grains and cereals (wheat, rice, corn)",0,0,0,,1,2,3,4,1,
2/26/17 21:49,2/26/17 21:50,1,1,Breakfast,"Toast, eggs, bacon, sausage, cheese, tomato","Beef or other red meat (lamb, goat, etc.)",Pork,0,0,0,"Dairy (milk, butter, cheese, etc.)",Eggs,0,Fruit,0,0,"Grains and cereals (wheat, rice, corn)",0,0,0,,1,2,3,4,1,
2/26/17 21:53,2/26/17 21:54,1,1,Dinner,Baked chicken thighs with mixed steam vegetables and instant mashed potatoes. Water to drink. ,0,0,Chicken or other poultry,0,0,0,0,Vegetables,0,0,0,0,0,0,0,,1,2,3,4,1,
2/26/17 21:37,2/26/17 22:00,1,1,Dinner,"I ate a breaded fish filet,broccoli with cheese and rice with butter and salt.",0,0,0,Fish,0,"Dairy (milk, butter, cheese, etc.)",0,0,0,0,0,"Grains and cereals (wheat, rice, corn)",0,0,0,,1,2,3,4,1,
2/26/17 22:08,2/26/17 22:09,1,1,Dinner,"Chili, french fries, and a bite of hamburger","Beef or other red meat (lamb, goat, etc.)",0,0,0,0,"Dairy (milk, butter, cheese, etc.)",0,Vegetables,0,0,0,0,0,0,0,,1,2,3,4,1,
2/26/17 22:09,2/26/17 22:10,1,1,Dinner,"carrots, potatoes, peas, gravy, chicken, sweet potato, onion, bread, butter",0,0,Chicken or other poultry,0,0,0,0,Vegetables,0,0,0,0,0,0,0,,1,2,3,4,1,
2/26/17 22:18,2/26/17 22:20,1,1,Dinner,"8oz squid, 1/2 cup alfredo sauce, 1tbs olive oil, 1 tsp lemon juice, 3tbs parmesan, 8oz water",0,0,0,0,"Shellfish (shrimp, crab, oysters, etc.)","Dairy (milk, butter, cheese, etc.)",0,0,Fruit,0,0,0,0,0,0,,1,2,3,4,1,
2/26/17 22:20,2/26/17 22:22,1,1,Dinner,"I.had a burger which consists of meat. Cheese, bread, lettuce and tomato. Also had French fries and fruit punch.","Beef or other red meat (lamb, goat, etc.)",0,0,0,0,"Dairy (milk, butter, cheese, etc.)",0,Vegetables,0,0,0,"Grains and cereals (wheat, rice, corn)",0,0,0,,1,2,3,4,1,
2/26/17 22:49,2/26/17 22:50,1,1,Dinner,"2 fried chicken legs, mashed potatoes, peas",0,0,Chicken or other poultry,0,0,0,0,Vegetables,0,0,0,0,0,0,0,,1,2,3,4,1,
2/26/17 22:49,2/26/17 22:51,1,1,Lunch,French fries and chicken tenders ,0,0,Chicken or other poultry,0,0,0,0,Vegetables,0,0,0,0,0,0,0,,1,2,3,4,1,
2/26/17 22:53,2/26/17 22:54,1,1,Dinner,Spaghetti with meat sauce along with some garlic french bread and some salad.  Following that i had 2 scoops of ice cream with a brownie!,"Beef or other red meat (lamb, goat, etc.)",0,0,0,0,"Dairy (milk, butter, cheese, etc.)",0,0,0,0,0,"Grains and cereals (wheat, rice, corn)",0,0,0,,1,2,3,4,1,
2/26/17 22:53,2/26/17 22:55,1,1,Breakfast,Sausage muffin (two small sausage patties on an english muffin) and coffee with flavored creamer.,0,Pork,0,0,0,0,0,0,0,0,0,"Grains and cereals (wheat, rice, corn)",0,0,0,,1,2,3,4,1,
2/26/17 22:57,2/26/17 22:58,1,1,Dinner,"Rib eye steak, mashed potatoes","Beef or other red meat (lamb, goat, etc.)",0,0,0,0,0,0,Vegetables,0,0,0,0,0,0,0,,1,2,3,4,1,
2/26/17 23:04,2/26/17 23:08,1,1,Dinner,"Meatloaf, fresh mashed potatoes, whole kernel corn (frozen)","Beef or other red meat (lamb, goat, etc.)",0,0,0,0,"Dairy (milk, butter, cheese, etc.)",0,Vegetables,0,0,0,"Grains and cereals (wheat, rice, corn)",0,0,0,,1,2,3,4,1,
2/26/17 23:48,2/26/17 23:52,1,1,Dinner,"Chop Suey ( steamed vegetables) /  / broccoli , cauliflower , green beans , cabbage ,carrots , soy sauce , garlic , onion ,rice  / green tea , honey and filtered water",0,0,0,0,0,"Dairy (milk, butter, cheese, etc.)",0,Vegetables,0,Beans,0,"Grains and cereals (wheat, rice, corn)",0,0,0,,1,2,3,4,1,
2/26/17 23:11,2/27/17 1:17,1,1,Dinner,"Shrimp with Lemongrass, General Tso's Chicken, Pon Pon Chicken, Lo Mein Noodles, Cream Cheese Won Tons",0,0,Chicken or other poultry,0,"Shellfish (shrimp, crab, oysters, etc.)","Dairy (milk, butter, cheese, etc.)",Eggs,Vegetables,Fruit,0,0,"Grains and cereals (wheat, rice, corn)",0,0,"Other protein (if so, what?)","Sesame Seeds, ",1,2,3,4,1,
2/27/17 1:19,2/27/17 1:20,1,1,Dinner,I had chicken nuggets with water.,0,0,Chicken or other poultry,0,0,0,0,0,0,0,0,0,0,0,0,,1,2,3,4,1,
2/26/17 21:25,2/26/17 21:25,0,1,,,,,,,,,,,,,,,,,,,,,,,,
2/27/17 1:58,2/27/17 2:02,1,1,Dinner,"rotisserie chicken, green peas, yellow rice, buttered toast, 16oz citrus flavored water.",0,0,Chicken or other poultry,0,0,0,0,Vegetables,0,0,0,"Grains and cereals (wheat, rice, corn)",0,0,0,,1,2,3,4,1,
2/27/17 6:01,2/27/17 6:04,1,1,Breakfast,"KASHI, BANANA ",0,0,0,0,0,"Dairy (milk, butter, cheese, etc.)",0,0,Fruit,0,Nuts,"Grains and cereals (wheat, rice, corn)",0,0,0,,1,2,3,4,1,
2/27/17 6:20,2/27/17 6:23,1,1,Dinner,"Chinese food buffet consisting of a shared bowl of egg drop soup, one shrimp egg roll, four fried pork wontons, four seasons (shrimp, beef, roast pork, chicken, mixed chinese vegetables in brown sauce, no rice) and singapore mei fun (rice noodles with curry)","Beef or other red meat (lamb, goat, etc.)",Pork,Chicken or other poultry,0,"Shellfish (shrimp, crab, oysters, etc.)","Dairy (milk, butter, cheese, etc.)",Eggs,0,0,0,0,"Grains and cereals (wheat, rice, corn)",0,0,0,,1,2,3,4,1,
2/27/17 6:40,2/27/17 6:41,1,1,Breakfast,"Toasted bread with strawberry jam, a cooked egg with ketchup and a glass of orange juice.",0,0,0,0,0,0,Eggs,0,Fruit,0,0,"Grains and cereals (wheat, rice, corn)",0,0,0,,1,2,3,4,1,
2/27/17 6:43,2/27/17 6:44,1,1,Dinner,,0,0,Chicken or other poultry,0,0,0,0,Vegetables,0,0,0,0,0,0,0,,1,2,3,4,1,
2/27/17 7:47,2/27/17 7:48,1,1,Dinner,"hot dog, cauliflower, broccoli, macaroni and cheese","Beef or other red meat (lamb, goat, etc.)",0,0,0,0,"Dairy (milk, butter, cheese, etc.)",0,Vegetables,0,0,0,"Grains and cereals (wheat, rice, corn)",0,0,0,,1,2,3,4,1,
2/27/17 7:58,2/27/17 8:00,1,1,Breakfast,"nonfat greek yogurt, thawed frozen blueberries, thawed frozen raspberries, thawed frozen blackberries, thawed frozen strawberries, raw almonds",0,0,0,0,0,"Dairy (milk, butter, cheese, etc.)",0,0,Fruit,0,Nuts,0,0,0,0,,1,2,3,4,1,
2/27/17 8:03,2/27/17 8:10,1,1,Breakfast,"Chobani yogurt, frozen berries, chia seeds, water",0,0,0,0,0,"Dairy (milk, butter, cheese, etc.)",0,0,Fruit,0,Nuts,0,0,0,0,,1,2,3,4,1,
2/27/17 9:13,2/27/17 9:14,1,1,Breakfast,Smoothie / Cinnamon roll / Yogurt,0,0,0,0,0,"Dairy (milk, butter, cheese, etc.)",Eggs,0,0,0,0,"Grains and cereals (wheat, rice, corn)",0,"Sweets (cake, pie, candy, etc.)",0,,1,2,3,4,1,
2/27/17 12:00,2/27/17 12:00,1,1,Breakfast,OATMEAL AND A BAGEL,0,0,0,0,0,"Dairy (milk, butter, cheese, etc.)",0,0,0,0,0,"Grains and cereals (wheat, rice, corn)",0,0,0,,1,2,3,4,1,
2/27/17 12:07,2/27/17 12:08,1,1,Breakfast,"Cereal, milk, and an apple.",0,0,0,0,0,"Dairy (milk, butter, cheese, etc.)",0,0,0,0,0,"Grains and cereals (wheat, rice, corn)",0,0,0,,1,2,3,4,1,
2/27/17 12:08,2/27/17 12:10,1,1,Lunch,Ham sandwich and chips.,0,Pork,0,0,0,0,0,Vegetables,0,0,0,"Grains and cereals (wheat, rice, corn)",0,0,0,,1,2,3,4,1,
2/27/17 12:28,2/27/17 12:29,1,1,Dinner,"I had filet mignon, mashed potatoes, mixed vegetables, and chocolate cake.","Beef or other red meat (lamb, goat, etc.)",0,0,0,0,"Dairy (milk, butter, cheese, etc.)",0,Vegetables,0,0,0,0,0,"Sweets (cake, pie, candy, etc.)",0,,1,2,3,4,1,
2/27/17 12:41,2/27/17 12:42,1,1,Dinner,chilli and bread,"Beef or other red meat (lamb, goat, etc.)",0,0,0,0,0,0,Vegetables,0,Beans,0,0,0,0,0,,1,2,3,4,1,
2/27/17 12:47,2/27/17 12:47,1,1,Lunch,taco salad,"Beef or other red meat (lamb, goat, etc.)",0,0,0,0,"Dairy (milk, butter, cheese, etc.)",0,Vegetables,0,0,0,"Grains and cereals (wheat, rice, corn)",0,0,0,,1,2,3,4,1,
2/27/17 14:57,2/27/17 14:58,1,1,Breakfast,Toast / eggs / Orange juice / sausage,0,Pork,0,0,0,"Dairy (milk, butter, cheese, etc.)",Eggs,0,0,0,0,0,0,0,0,,1,2,3,4,1,
2/27/17 15:40,2/27/17 15:42,1,1,Lunch,I had a cheeseburger with french fries and a coke for lunch today. ,"Beef or other red meat (lamb, goat, etc.)",0,0,0,0,"Dairy (milk, butter, cheese, etc.)",0,Vegetables,0,0,0,0,0,0,0,,1,2,3,4,1,
2/27/17 19:48,2/27/17 19:50,1,1,Dinner,I had 2 cups of brown rice with chicken. The rice also contained black beans. I also had a glass of water.,0,0,Chicken or other poultry,0,0,0,0,0,0,Beans,0,"Grains and cereals (wheat, rice, corn)",0,0,0,,1,2,3,4,1,
2/27/17 20:53,2/27/17 20:55,1,1,Dinner,"Sandwich- French bread, ham, cheese, lettuce  / Water / Wine / ",0,Pork,0,0,0,0,0,0,0,0,0,"Grains and cereals (wheat, rice, corn)",0,0,0,,1,2,3,4,1,
2/27/17 21:21,2/27/17 21:22,1,1,Dinner,Pizza and a salad,"Beef or other red meat (lamb, goat, etc.)",0,0,0,0,0,0,Vegetables,0,0,0,"Grains and cereals (wheat, rice, corn)",0,0,0,,1,2,3,4,1,
2/27/17 17:44,2/27/17 17:44,0,1,,,,,,,,,,,,,,,,,,,,,,,,
2/27/17 23:30,2/27/17 23:31,1,1,Dinner,"Chicken tenders, french fries.",0,0,Chicken or other poultry,0,0,"Dairy (milk, butter, cheese, etc.)",Eggs,Vegetables,0,0,0,0,0,0,0,,1,2,3,4,1,
2/27/17 23:00,2/27/17 23:01,0,1,,,,,,,,,,,,,,,,,,,,,,,,
2/28/17 11:48,2/28/17 11:50,1,1,Dinner,"Scrambled eggs with bologna and cheese, and baked zucchini",0,0,0,0,0,"Dairy (milk, butter, cheese, etc.)",Eggs,Vegetables,0,0,0,0,0,0,"Other protein (if so, what?)",Bologna,1,2,3,4,1,
2/28/17 15:47,2/28/17 15:49,1,1,Lunch,"Ham' eggs, pickles",0,Pork,0,0,0,0,Eggs,Vegetables,0,0,0,0,0,0,0,,1,2,3,4,1,
2/28/17 15:33,2/28/17 15:36,0,1,,,,,,,,,,,,,,,,,,,,,,,,
2/28/17 20:09,2/28/17 20:10,1,1,Dinner,Chicken grilled cheese sandwich,0,0,Chicken or other poultry,0,0,"Dairy (milk, butter, cheese, etc.)",0,Vegetables,0,0,0,0,0,0,0,,1,2,3,4,1,
2/28/17 20:10,2/28/17 20:11,1,1,Lunch,grilled cheese and turkey with popcorn ,0,0,Chicken or other poultry,0,0,"Dairy (milk, butter, cheese, etc.)",0,0,0,0,0,"Grains and cereals (wheat, rice, corn)",0,0,0,,1,2,3,4,1,
2/28/17 20:14,2/28/17 20:19,1,1,Dinner,"Beef Hamburger with bacon, lettuce, mayo and ketchup on a bun. French fries. Cheesecake milkshake ","Beef or other red meat (lamb, goat, etc.)",0,0,0,0,0,0,Vegetables,0,0,0,"Grains and cereals (wheat, rice, corn)",0,0,0,,1,2,3,4,1,
2/28/17 20:21,2/28/17 20:22,1,1,Dinner,Pizza rolls,"Beef or other red meat (lamb, goat, etc.)",0,0,0,0,"Dairy (milk, butter, cheese, etc.)",0,0,0,0,0,"Grains and cereals (wheat, rice, corn)",0,0,0,,1,2,3,4,1,
2/28/17 20:23,2/28/17 20:24,1,1,Dinner,Pepperoni and sausage Stromboli with garlic spinach. ,0,Pork,0,0,0,"Dairy (milk, butter, cheese, etc.)",0,Vegetables,0,0,0,"Grains and cereals (wheat, rice, corn)",0,0,0,,1,2,3,4,1,
2/28/17 20:29,2/28/17 20:32,1,1,Dinner,One slice of pizza and a salad with oil and vinegar ,0,0,0,0,0,0,0,Vegetables,0,0,Nuts,0,0,0,0,,1,2,3,4,1,
2/28/17 20:38,2/28/17 20:39,1,1,Dinner,"Cube steak, curly fries","Beef or other red meat (lamb, goat, etc.)",0,0,0,0,0,0,Vegetables,0,0,0,0,0,0,0,,1,2,3,4,1,
2/28/17 20:48,2/28/17 20:49,1,1,Dinner,"Fritos, onion, baked beans, tomato soup, tomato sauce, ground beef","Beef or other red meat (lamb, goat, etc.)",0,0,0,0,0,0,0,0,Beans,0,0,0,0,0,,1,2,3,4,1,
2/28/17 20:50,2/28/17 20:52,1,1,Dinner,"Enchilada casserole: hamburger, salsa, enchilada sauce, corn, cheese, tortillas. ","Beef or other red meat (lamb, goat, etc.)",0,0,0,0,"Dairy (milk, butter, cheese, etc.)",0,Vegetables,0,0,0,0,0,0,0,,1,2,3,4,1,
2/28/17 21:01,2/28/17 21:03,1,1,Dinner,"Sausage muffin with egg  / 2 potato hash browns  / 1 cup black coffee /  / Yes, dinner ",0,Pork,0,0,0,"Dairy (milk, butter, cheese, etc.)",Eggs,0,0,0,0,"Grains and cereals (wheat, rice, corn)",0,0,0,,1,2,3,4,1,
2/28/17 21:06,2/28/17 21:07,1,1,Dinner,Caesar salad and carbonara with angel hair pasta ,0,Pork,0,0,0,"Dairy (milk, butter, cheese, etc.)",Eggs,Vegetables,0,0,0,0,0,0,0,,1,2,3,4,1,
2/28/17 21:31,2/28/17 21:33,1,1,Lunch,"2 homemade buttermilk biscuits, 1/2 cup of homemade white gravy, 2 sausage links, 1 cup of grits, 2 tbsp of butter",0,Pork,0,0,0,"Dairy (milk, butter, cheese, etc.)",0,0,0,0,0,"Grains and cereals (wheat, rice, corn)",0,0,0,,1,2,3,4,1,
2/28/17 21:39,2/28/17 21:42,1,1,Dinner,"Smoothy, water, turkey sandwich on wheat chocolate cake ",0,0,Chicken or other poultry,0,0,"Dairy (milk, butter, cheese, etc.)",0,Vegetables,Fruit,0,0,0,0,"Sweets (cake, pie, candy, etc.)",0,,1,2,3,4,1,
2/28/17 22:15,2/28/17 22:16,1,1,Dinner,"Chicken, green curry, jasmine rice, Thai omelette, cauliflower ",0,0,Chicken or other poultry,0,0,0,Eggs,Vegetables,0,0,0,0,0,0,0,,1,2,3,4,1,
2/28/17 22:24,2/28/17 22:26,1,1,Dinner,"1 chicken quarter, seasoned, without skin. 2 cups broccoli, steamed, 1/2 tbsp salted butter, 1/2 small sweet potato. ",0,0,Chicken or other poultry,0,0,"Dairy (milk, butter, cheese, etc.)",0,Vegetables,0,0,0,0,0,0,0,,1,2,3,4,1,
2/28/17 22:27,2/28/17 22:28,1,1,Dinner,Chicken parm. Chicken strips. Spegetti sauce with garlic and onion. Mozzerla. Spegetti squash noodles. water to drink.,0,0,Chicken or other poultry,0,0,"Dairy (milk, butter, cheese, etc.)",0,Vegetables,Fruit,0,0,0,0,0,0,,1,2,3,4,1,
2/28/17 22:54,2/28/17 22:56,1,1,Lunch,"Nuts, berries, banana",0,0,0,0,0,0,0,0,Fruit,0,Nuts,0,0,0,0,,1,2,3,4,1,
2/28/17 23:13,2/28/17 23:16,1,1,Dinner,"Trader Joe's Chicken Noodle Soup, with added organic white beans.",0,0,Chicken or other poultry,0,0,0,0,Vegetables,0,Beans,0,"Grains and cereals (wheat, rice, corn)",0,0,0,,1,2,3,4,1,
2/28/17 23:16,2/28/17 23:18,1,1,Dinner,"lamb stew (lamb meat, potatoes, carrots, peas, onions) with rice and lima beans / oatmeal cookies","Beef or other red meat (lamb, goat, etc.)",0,0,0,0,0,0,Vegetables,0,0,0,"Grains and cereals (wheat, rice, corn)",0,"Sweets (cake, pie, candy, etc.)",0,,1,2,3,4,1,
2/28/17 22:31,2/28/17 22:31,0,1,,,,,,,,,,,,,,,,,,,,,,,,
2/28/17 23:11,2/28/17 23:11,0,1,,,,,,,,,,,,,,,,,,,,,,,,
3/1/17 7:48,3/1/17 7:49,1,1,Dinner,"Black angus burger with bacon lettuce tomato, may and mustard with French fries","Beef or other red meat (lamb, goat, etc.)",0,0,0,0,"Dairy (milk, butter, cheese, etc.)",0,Vegetables,0,0,0,"Grains and cereals (wheat, rice, corn)",0,0,0,,1,2,3,4,1,
3/3/17 9:16,3/3/17 9:16,1,1,Breakfast,just breakfast sausage,0,Pork,0,0,0,0,0,0,0,0,0,0,0,0,0,,1,2,3,4,1,